text,label
https://www.google.com,0
https://google.com,0
https://www.google.com/login,0
https://www.google.com/about,0
https://www.youtube.com,0
https://youtube.com,0
https://www.youtube.com/login,0
https://www.youtube.com/about,0
https://www.facebook.com,0
https://facebook.com,0
https://www.facebook.com/login,0
https://www.facebook.com/about,0
https://www.instagram.com,0
https://instagram.com,0
https://www.instagram.com/login,0
https://www.instagram.com/about,0
https://www.twitter.com,0
https://twitter.com,0
https://www.twitter.com/login,0
https://www.twitter.com/about,0
https://www.linkedin.com,0
https://linkedin.com,0
https://www.linkedin.com/login,0
https://www.linkedin.com/about,0
https://www.microsoft.com,0
https://microsoft.com,0
https://www.microsoft.com/login,0
https://www.microsoft.com/about,0
https://www.apple.com,0
https://apple.com,0
https://www.apple.com/login,0
https://www.apple.com/about,0
https://www.amazon.com,0
https://amazon.com,0
https://www.amazon.com/login,0
https://www.amazon.com/about,0
https://www.netflix.com,0
https://netflix.com,0
https://www.netflix.com/login,0
https://www.netflix.com/about,0
https://www.spotify.com,0
https://spotify.com,0
https://www.spotify.com/login,0
https://www.spotify.com/about,0
https://www.github.com,0
https://github.com,0
https://www.github.com/login,0
https://www.github.com/about,0
https://www.reddit.com,0
https://reddit.com,0
https://www.reddit.com/login,0
https://www.reddit.com/about,0
https://www.wikipedia.org,0
https://wikipedia.org,0
https://www.wikipedia.org/login,0
https://www.wikipedia.org/about,0
https://www.stackoverflow.com,0
https://stackoverflow.com,0
https://www.stackoverflow.com/login,0
https://www.stackoverflow.com/about,0
https://www.medium.com,0
https://medium.com,0
https://www.medium.com/login,0
https://www.medium.com/about,0
https://www.gtbank.com,0
https://gtbank.com,0
https://www.gtbank.com/login,0
https://www.gtbank.com/about,0
https://www.firstbanknigeria.com,0
https://firstbanknigeria.com,0
https://www.firstbanknigeria.com/login,0
https://www.firstbanknigeria.com/about,0
https://www.accessbankplc.com,0
https://accessbankplc.com,0
https://www.accessbankplc.com/login,0
https://www.accessbankplc.com/about,0
https://www.zenithbank.com,0
https://zenithbank.com,0
https://www.zenithbank.com/login,0
https://www.zenithbank.com/about,0
https://www.ubagroup.com,0
https://ubagroup.com,0
https://www.ubagroup.com/login,0
https://www.ubagroup.com/about,0
https://www.fidelitybank.ng,0
https://fidelitybank.ng,0
https://www.fidelitybank.ng/login,0
https://www.fidelitybank.ng/about,0
https://www.unionbankng.com,0
https://unionbankng.com,0
https://www.unionbankng.com/login,0
https://www.unionbankng.com/about,0
https://www.fcmb.com,0
https://fcmb.com,0
https://www.fcmb.com/login,0
https://www.fcmb.com/about,0
https://www.wemabank.com,0
https://wemabank.com,0
https://www.wemabank.com/login,0
https://www.wemabank.com/about,0
https://www.sterlingbankng.com,0
https://sterlingbankng.com,0
https://www.sterlingbankng.com/login,0
https://www.sterlingbankng.com/about,0
https://www.capitecbank.co.za,0
https://capitecbank.co.za,0
https://www.capitecbank.co.za/login,0
https://www.capitecbank.co.za/about,0
https://www.fnb.co.za,0
https://fnb.co.za,0
https://www.fnb.co.za/login,0
https://www.fnb.co.za/about,0
https://www.absa.co.za,0
https://absa.co.za,0
https://www.absa.co.za/login,0
https://www.absa.co.za/about,0
https://www.standardbank.co.za,0
https://standardbank.co.za,0
https://www.standardbank.co.za/login,0
https://www.standardbank.co.za/about,0
https://www.nedbank.co.za,0
https://nedbank.co.za,0
https://www.nedbank.co.za/login,0
https://www.nedbank.co.za/about,0
https://www.investec.com,0
https://investec.com,0
https://www.investec.com/login,0
https://www.investec.com/about,0
https://www.tymebank.co.za,0
https://tymebank.co.za,0
https://www.tymebank.co.za/login,0
https://www.tymebank.co.za/about,0
https://www.discovery.co.za,0
https://discovery.co.za,0
https://www.discovery.co.za/login,0
https://www.discovery.co.za/about,0
https://www.equitybank.co.ke,0
https://equitybank.co.ke,0
https://www.equitybank.co.ke/login,0
https://www.equitybank.co.ke/about,0
https://www.kcb.co.ke,0
https://kcb.co.ke,0
https://www.kcb.co.ke/login,0
https://www.kcb.co.ke/about,0
https://www.co-opbank.co.ke,0
https://co-opbank.co.ke,0
https://www.co-opbank.co.ke/login,0
https://www.co-opbank.co.ke/about,0
https://www.absa.co.ke,0
https://absa.co.ke,0
https://www.absa.co.ke/login,0
https://www.absa.co.ke/about,0
https://www.stanbicbank.co.ke,0
https://stanbicbank.co.ke,0
https://www.stanbicbank.co.ke/login,0
https://www.stanbicbank.co.ke/about,0
https://www.ncbagroup.com,0
https://ncbagroup.com,0
https://www.ncbagroup.com/login,0
https://www.ncbagroup.com/about,0
https://www.dtbafrica.com,0
https://dtbafrica.com,0
https://www.dtbafrica.com/login,0
https://www.dtbafrica.com/about,0
https://www.safaricom.co.ke,0
https://safaricom.co.ke,0
https://www.safaricom.co.ke/login,0
https://www.safaricom.co.ke/about,0
https://www.mtn.com,0
https://mtn.com,0
https://www.mtn.com/login,0
https://www.mtn.com/about,0
https://www.airtel.africa,0
https://airtel.africa,0
https://www.airtel.africa/login,0
https://www.airtel.africa/about,0
https://www.vodafone.com,0
https://vodafone.com,0
https://www.vodafone.com/login,0
https://www.vodafone.com/about,0
https://www.orange.com,0
https://orange.com,0
https://www.orange.com/login,0
https://www.orange.com/about,0
https://www.wave.com,0
https://wave.com,0
https://www.wave.com/login,0
https://www.wave.com/about,0
https://www.ecocash.co.zw,0
https://ecocash.co.zw,0
https://www.ecocash.co.zw/login,0
https://www.ecocash.co.zw/about,0
https://www.jumia.com.ng,0
https://jumia.com.ng,0
https://www.jumia.com.ng/login,0
https://www.jumia.com.ng/about,0
https://www.konga.com,0
https://konga.com,0
https://www.konga.com/login,0
https://www.konga.com/about,0
https://www.takealot.com,0
https://takealot.com,0
https://www.takealot.com/login,0
https://www.takealot.com/about,0
https://www.bidorbuy.co.za,0
https://bidorbuy.co.za,0
https://www.bidorbuy.co.za/login,0
https://www.bidorbuy.co.za/about,0
https://www.paystack.com,0
https://paystack.com,0
https://www.paystack.com/login,0
https://www.paystack.com/about,0
https://www.flutterwave.com,0
https://flutterwave.com,0
https://www.flutterwave.com/login,0
https://www.flutterwave.com/about,0
https://www.interswitchgroup.com,0
https://interswitchgroup.com,0
https://www.interswitchgroup.com/login,0
https://www.interswitchgroup.com/about,0
https://www.stripe.com,0
https://stripe.com,0
https://www.stripe.com/login,0
https://www.stripe.com/about,0
https://www.paypal.com,0
https://paypal.com,0
https://www.paypal.com/login,0
https://www.paypal.com/about,0
https://www.squareup.com,0
https://squareup.com,0
https://www.squareup.com/login,0
https://www.squareup.com/about,0
https://www.bbc.com,0
https://bbc.com,0
https://www.bbc.com/login,0
https://www.bbc.com/about,0
https://www.cnn.com,0
https://cnn.com,0
https://www.cnn.com/login,0
https://www.cnn.com/about,0
https://www.theguardian.com,0
https://theguardian.com,0
https://www.theguardian.com/login,0
https://www.theguardian.com/about,0
https://www.nytimes.com,0
https://nytimes.com,0
https://www.nytimes.com/login,0
https://www.nytimes.com/about,0
https://www.aljazeera.com,0
https://aljazeera.com,0
https://www.aljazeera.com/login,0
https://www.aljazeera.com/about,0
https://www.punchng.com,0
https://punchng.com,0
https://www.punchng.com/login,0
https://www.punchng.com/about,0
https://www.vanguardngr.com,0
https://vanguardngr.com,0
https://www.vanguardngr.com/login,0
https://www.vanguardngr.com/about,0
https://www.coursera.org,0
https://coursera.org,0
https://www.coursera.org/login,0
https://www.coursera.org/about,0
https://www.edx.org,0
https://edx.org,0
https://www.edx.org/login,0
https://www.edx.org/about,0
https://www.khanacademy.org,0
https://khanacademy.org,0
https://www.khanacademy.org/login,0
https://www.khanacademy.org/about,0
https://www.udemy.com,0
https://udemy.com,0
https://www.udemy.com/login,0
https://www.udemy.com/about,0
https://www.gov.uk,0
https://gov.uk,0
https://www.gov.uk/login,0
https://www.gov.uk/about,0
https://www.gov.ng,0
https://gov.ng,0
https://www.gov.ng/login,0
https://www.gov.ng/about,0
https://www.gov.za,0
https://gov.za,0
https://www.gov.za/login,0
https://www.gov.za/about,0
https://www.gov.ke,0
https://gov.ke,0
https://www.gov.ke/login,0
https://www.gov.ke/about,0
https://www.gov.gh,0
https://gov.gh,0
https://www.gov.gh/login,0
https://www.gov.gh/about,0
https://www.dropbox.com,0
https://dropbox.com,0
https://www.dropbox.com/login,0
https://www.dropbox.com/about,0
https://www.drive.google.com,0
https://drive.google.com,0
https://www.drive.google.com/login,0
https://www.drive.google.com/about,0
https://www.onedrive.live.com,0
https://onedrive.live.com,0
https://www.onedrive.live.com/login,0
https://www.onedrive.live.com/about,0
https://www.icloud.com,0
https://icloud.com,0
https://www.icloud.com/login,0
https://www.icloud.com/about,0
https://www.box.com,0
https://box.com,0
https://www.box.com/login,0
https://www.box.com/about,0
https://www.binance.com,0
https://binance.com,0
https://www.binance.com/login,0
https://www.binance.com/about,0
https://www.coinbase.com,0
https://coinbase.com,0
https://www.coinbase.com/login,0
https://www.coinbase.com/about,0
https://www.kraken.com,0
https://kraken.com,0
https://www.kraken.com/login,0
https://www.kraken.com/about,0
https://www.gemini.com,0
https://gemini.com,0
https://www.gemini.com/login,0
https://www.gemini.com/about,0
https://www.tiktok.com,0
https://tiktok.com,0
https://www.tiktok.com/login,0
https://www.tiktok.com/about,0
https://www.whatsapp.com,0
https://whatsapp.com,0
https://www.whatsapp.com/login,0
https://www.whatsapp.com/about,0
https://www.telegram.org,0
https://telegram.org,0
https://www.telegram.org/login,0
https://www.telegram.org/about,0
https://www.discord.com,0
https://discord.com,0
https://www.discord.com/login,0
https://www.discord.com/about,0
https://www.snapchat.com,0
https://snapchat.com,0
https://www.snapchat.com/login,0
https://www.snapchat.com/about,0
https://www.pinterest.com,0
https://pinterest.com,0
https://www.pinterest.com/login,0
https://www.pinterest.com/about,0
https://www.tumblr.com,0
https://tumblr.com,0
https://www.tumblr.com/login,0
https://www.tumblr.com/about,0
https://www.gmail.com,0
https://gmail.com,0
https://www.gmail.com/login,0
https://www.gmail.com/about,0
https://www.outlook.com,0
https://outlook.com,0
https://www.outlook.com/login,0
https://www.outlook.com/about,0
https://www.yahoo.com,0
https://yahoo.com,0
https://www.yahoo.com/login,0
https://www.yahoo.com/about,0
https://www.protonmail.com,0
https://protonmail.com,0
https://www.protonmail.com/login,0
https://www.protonmail.com/about,0
https://www.ebay.com,0
https://ebay.com,0
https://www.ebay.com/login,0
https://www.ebay.com/about,0
https://www.aliexpress.com,0
https://aliexpress.com,0
https://www.aliexpress.com/login,0
https://www.aliexpress.com/about,0
https://www.etsy.com,0
https://etsy.com,0
https://www.etsy.com/login,0
https://www.etsy.com/about,0
https://www.walmart.com,0
https://walmart.com,0
https://www.walmart.com/login,0
https://www.walmart.com/about,0
https://www.hulu.com,0
https://hulu.com,0
https://www.hulu.com/login,0
https://www.hulu.com/about,0
https://www.disneyplus.com,0
https://disneyplus.com,0
https://www.disneyplus.com/login,0
https://www.disneyplus.com/about,0
https://www.hbomax.com,0
https://hbomax.com,0
https://www.hbomax.com/login,0
https://www.hbomax.com/about,0
https://www.primevideo.com,0
https://primevideo.com,0
https://www.primevideo.com/login,0
https://www.primevideo.com/about,0
https://www.showmax.com,0
https://showmax.com,0
https://www.showmax.com/login,0
https://www.showmax.com/about,0
https://www.dstv.com,0
https://dstv.com,0
https://www.dstv.com/login,0
https://www.dstv.com/about,0
https://kccostume.com/9910-6273818/secure-envelope/?verified=true,1
https://internal-purvix-meta-control-path.pages.dev/welcome_to_meta_for_business,1
https://adobedcs.happycloudmessages.de/H01NI/,1
http://f.digitalmaillane.com/igit/4/dq0l84lQzxa2vfy9pjQtl0Q85fc7cjQ8joQkldQw9QpQi,1
http://serviesigne.pietrostrollo.it/,1
https://bet7585.com/,1
https://www.com.auwww.mail7.sspl.com.aucom.aucom.aumail7.sspl.com.auwww.mail7.sspl.com.auwww.sspl.com.aumail7.sspl.com.auwww.mail7.sspl.com.au/mobile/login,1
https://relaydesk.helpdeskinld.com/?a=3mail@a.b.c0,1
http://whatshtf.cc/,1
http://whatscyy.cc/,1
http://whatsewq.cc/,1
https://www.sspl.com.auaumx2.sspl.com.auwww.sspl.com.auwww.aumx2.sspl.com.auaumx2.sspl.com.auwww.com.auaumx2.sspl.com.auwww.aumx2.sspl.com.auaumx2.sspl.com.au/mobile/front/,1
http://www.airbnb-dev.vercel.app/,1
https://hotwbfu.shop/,1
https://www.get10krobux.vercel.app/,1
http://89.169.32.141.sslip.io/,1
https://giminimlognim.gitbook.io/us/,1
http://giminimlognim.gitbook.io/,1
http://p67o.xyz/,1
https://icepeak-syz1baeroine.dicroude.za.com/%7Bs%7D/$B3mail@a.b.c0,1
https://dicroude.za.com/%7Bs%7D/$B3mail@a.b.c0,1
https://script.blinkly.sa.com/kI7J9C3Ko2d0l1@a7hR/$3mail@a.b.c0,1
https://sso-nda-x-us.pages.dev/,1
https://secure-ndax-nav-io.pages.dev/,1
https://mahkemesorgulama.net/,1
https://mabanque-ca-info-servicea.surge.sh/pages/region.html,1
https://www-mtouch-basic-bu-managerr.ubpages.com/a0679a1c-a793-11f0-a432-ae1b5e60b86f/,1
https://0222115451222.duckdns.org/,1
http://indiapost.gov.itvsqtr.top/in/,1
https://wesleykenttown.org.au/no/home/virtual/rosyorange/www/tls/xd/zd/clients/login.php,1
http://w.xz9876.com/,1
https://ns.sspl.com.au/mobile/front/,1
https://sso-ndax-nav-outh.pages.dev/,1
https://innesg4af5a.s3.amazonaws.com/a2df.html,1
https://whats-xeo.vip/,1
https://whats-xed.vip/,1
https://mrmanpreet073.github.io/Netflix-Clone,1
http://whats-xep.vip/,1
http://www.token-giftminting.vercel.app/,1
http://www.22232522500212.duckdns.org/,1
https://www.facebook-psm.blogspot.qa/,1
https://zcr.bfm.mybluehost.me/fr/home/nkl-log.php?token=&error=off,1
https://zcr.bfm.mybluehost.me/fr/home/ssl.php,1
https://www.kkinstagram.com/reel/DPpuyIZjE_T/?igsh=N3hlMTI5Z3E5dGs5,1
https://studiowebcore.top/inges/inges/login.php,1
http://www.valealupilor.com/,1
https://business-for-customer-trust.pages.dev/,1
https://74758488456374audio.weebly.com/,1
http://mailistuser.godaddysites.com/identifiez-vous,1
http://pub-b8735748a9474ef684b83941ce4cdb65.r2.dev/index.html,1
https://wbvnmod.cn/xzswa,1
https://indiapost.gov.atxxycp.top/in/,1
https://rbfcu-star.azurewebsites.net/(S(mwv4fu52nchuvdibic3z5041))/Main/Login,1
https://rbfcu-star.azurewebsites.net/(S(agsbk0h4fo5ptfn4vswggu3n))/,1
https://page-coiinbase-logd.pages.dev/,1
http://wailing-hamburger-abundant.on-fleek.app/qwfkrupexhsk13.html,1
http://ds32c.teknikbayi.com.tr/csd32ec/,1
http://pub-ea66fe1b3c8e4757bafadfb9728b159c.r2.dev/index.html,1
http://owretelimited.com/6/home/nkl-log.php,1
http://www.5mp.eu/fajlok2/css4/owa_www.5mp.eu_.html,1
https://www.mail7.sspl.com.aumail7.sspl.com.aucom.aumail7.sspl.com.aumail7.sspl.com.ausspl.com.aumail7.sspl.com.aumail7.sspl.com.au/mobile/front/,1
https://www.n3tflixpk-clone-arwebnox.vercel.app/,1
http://e7c7b6a49b.nxcli.io/6099287794.07777827833is55p42m177=a2721008.2fs7467afdF7d0x15506287794.sx00.8.2f7467affdfddF70x1.9048909660443322.457889933945434.2f7467afdF70x15.2f7467afdF70x15/,1
http://airbnb-dev.vercel.app/,1
http://f.digitalmaillane.com/igit/4/ev7cubvS7ggj3j2dtnSxp4Sb2mnz2nScnsSophS0dStSm,1
https://www.rustpurse.com/,1
http://tap4411dnk.cc/,1
https://sfshopee.com/product/-xc7HR,1
https://sfshopee.com/product/-xPkHF-yMOQJ,1
https://sfshopee.com/product/-tz87u-rTxd4,1
https://www.kkinstagram.com/reel/DPu1qQMjSWH/?igsh=MTVkczh0OHhvZm4xag==,1
https://cpanel.192-241-250-80.cprapid.com/sign,1
https://go.euserv.org/19C/,1
https://meta-xirvoth-adjustment-tracking-d2w.pages.dev/,1
https://start-coinbaseproo-com.pages.dev/,1
https://ignningses.wpdevcloud.com/Archive/login.php,1
http://www.start-ledgertoolkits.com/,1
https://pub-a99e9e08b1ba4392a8822a1d897ecbd2.r2.dev/index.html,1
http://www.tinyurl.com/3etepwnt/,1
http://www.facebook-psm.blogspot.sn/,1
http://ezmaoocpfg.duckdns.org/en/,1
https://usdaudit.com/,1
https://zelajob.pro/whatsapp7_79/?mpc_3=atphkt1k5k5&mpc_4=24&ib=1&mpc_7=/,1
http://kuqoin_uslogn.godaddysites.com/,1
https://ledger-us-nanox-cdn.vercel.app/ledger%20form/index.html,1
http://sap262096w.cc/,1
http://www.portfolio-aedvutd.format.com/,1
https://rakutnews.com/jp,1
http://ubiquitous-gumption-2d0403.netlify.app/,1
http://f.digitalmaillane.com/igit/4/ddmfzaiS7se67ex8oiSdpzSheb9btiSclnSlkcSv8SoSh,1
https://mail.exodus-recovery.app/,1
http://yg.naws.pp.ua/,1
https://geargate.za.com/home/login.html,1
http://l35f.tap1485wwl.vip/,1
http://www.tap3847kw4.cc/,1
https://slableakatlanta.com/wp-content/Lana12890WM/index.html,1
http://www.easybank-landing-page-nu.vercel.app/,1
https://teresaquintana.es/transpopiasch/approveitlaunch/app/login.php?MTc2MDMzODIwMWQ2MDdhOWJiNDAyYzkyMmQ2YzFhMTBlYTgzNTZjMmJlYjQzNmJlMzc5ODU2NTM5NjE2MWNmNzdlMWE2MjYzZDUzZDA3NTBhZA==,1
https://teresaquintana.es/transpopiasch/approveitlaunch/,1
http://meta-vrenthon-tracking-chain.pages.dev/,1
http://facebook-one-psi.vercel.app/,1
http://www.sap24365mf.cc/,1
http://robbinhuud-lohiin.godaddysites.com/,1
http://yintsed007.github.io/,1
https://com.aumail7.sspl.com.aumail7.sspl.com.aumail7.sspl.com.aumail7.sspl.com.aumail7.sspl.com.aumail7.sspl.com.au/mobile/front,1
https://microsoftonilne.ru/?rid=DEntBE2,1
http://midasbuyt.xtgood.shop/,1
https://windstreamupgradeservicess.pages.dev/windstream%20page%201,1
http://bafybeifisnl2ds5xiv6ip76ppn3honte5z7kacfhp3gpgdisk7gr2w5pqm.ipfs.dweb.link/,1
https://contaacinnfo.net/contact/kklp/index.php,1
http://www.demo.xuongthuchanh.site/,1
http://sap3705aod.cc/,1
http://literate-sniffle-rho.vercel.app/,1
http://www.few.ehome521.com/,1
https://www.kkinstagram.com/reel/DOcY58SD-aG/,1
http://logs-fr.vercel.app/,1
https://aumail7.sspl.com.aumail7.sspl.com.ausspl.com.aumail7.sspl.com.aumail7.sspl.com.ausspl.com.aumail7.sspl.com.aumail7.sspl.com.au/mobile/front/,1
https://com.auaumx2.sspl.com.auaumx2.sspl.com.aucom.auaumx2.sspl.com.auaumx2.sspl.com.auaumx2.sspl.com.au/mobile/front/,1
https://bitrix.sspl.com.au/mobile/front/,1
https://bitrix.sspl.com.au/mobile/front,1
http://www.miniature-octo-succotash-eight.vercel.app/,1
https://secure-metamesk-io.pages.dev/,1
http://www.facebook-psm.blogspot.com.es/,1
http://mail.agilmed.com.br/sat.html,1
https://im.nbpublic.com/loading_page/paypal/paypal_cf_3/index.html?lptoken=178a6089321798b96984&cep=N4Igdgpg7g+gFgSwC4wQExALhAVgIYAcARgGwAMAnAMwC0AxhYzQCzMCMRNFAZs2TTgjsKZAlSIB2NgRAAaEADcEAZ2SoM2CQCYtBOhOZaaHNMxZ0iZvI241uJIhTRUy2vFTxzFKtUgQBbCGUkPH8ABywQLTItHGN+NioAFTJmTDI2dIoAOhcSAC0vJVUkAHsAJ3VIrQo6ZiEtOho8PC0JFjYSJoISNDi0IksJPCI8UzI6LzpQsLwEAHMwKuwSYmsiNAoIAlEKIjIMxog2QUn5MFK0CGWQMhgyLwurmCQATzCISIAZPDA0BDA80el2udDgczAWAA2rd7iAALryMLlIIQAA2EDoSAgaBgT0+mFAbw+31+/0BXhC5XmEBQ6EiqwkBDGBAoUhIFDYB0OzComy0JGBz3p2DuD3OEAAHkgsET3gSQAB5bjcCDlSl4am0m6M5nbVb6bgcA5sXRUAgSKgUIXXEWwsUAHzubHuTpgWjhEulWDAAFc0WiAL6B+RgiEwMKlEoIUqQwkgOi+8oosBIAByIIAkn8pVgyPIiOVfmDs/86EFofCQyAVDAUf8UVisEhyr6IPIAI7KCLxuhohB0ADWN2AfYHw/QgamKLwfgUto0IFHM7nC6n8jGChg03Cc0WI8325me6Wk+nEFnCHneNCCuXF9XN8C65Avt9duAb7PG7QW9KKrVA9fxgf9VUqb8QFAwCwFvSJgCgyoYOfLw8BVBB+1nBc4NQ7h0IQTD1BfdBuE8bBgGIvAiLQEiYH8Po4Io2i+hfeY5kXYBWIgzjcTonA4O4picCIwIEAYkThIgBBBLEyTBJfMlylKdADz+RTlIghSlNxZTeOw1StPUOSvH8PBJjIky6BfCzpPM0yjPkUo2LgxyIJcnj6LItz7NfUil19SiQGrWtICgLASLRZQIEDIA=,1
http://ledger.a-dual.com/,1
https://vww-icloud.com/iframe/appleid2023.php?auth=139ad&ID=,1
http://kucoiniewlosginie.godaddysites.com/,1
https://www.kkinstagram.com/reel/DPiq-YLgOId/,1
http://887338591354223303680938806133mnnnhqusckzpape.adelon.com.br/,1
https://dalix-rwpd.vercel.app/management/N3xqB1tZaV7pL0yFuC9s/dT6VmE8XqR5s1KnPbLy3.html,1
https://williamsmithinsurance.com/wp-admin/sun.html,1
https://n3tflixpk-clone-arwebnox.vercel.app/,1
https://dana-id.bantuan-customer.biz.id/,1
http://bhavdeepsingh7.github.io/,1
http://cp816.cc/,1
https://ecommerce-clone-phi.vercel.app/,1
http://www.ecommerce-clone-phi.vercel.app/,1
http://zkya.tap0150mg7.top/,1
http://www.sap2392017.cc/,1
http://mall.cp618.com/,1
https://sspl.com.aucom.auwww.mail7.sspl.com.auwww.com.auwww.mail7.sspl.com.aucom.auwww.mail7.sspl.com.au/mobile/front,1
https://sspl.com.aucom.auwww.mail7.sspl.com.auwww.com.auwww.mail7.sspl.com.aucom.auwww.mail7.sspl.com.au/mobile/front/,1
https://trezor-io-start-ledger-web-co.typedream.app/,1
https://auth-blockifi-com.pages.dev/,1
https://www.whats-xwy.vip/,1
http://against.ehome521.com/,1
http://www.binance-listlngs.com/,1
http://7758app.cc/,1
http://sea.avbzwgb7.eu.org/,1
https://summitalarm.com/.6th/.7th/,1
http://conibse_pro-zxloggi.godaddysites.com/,1
http://www.city.ehome521.com/,1
http://sap2708kam.cc/,1
http://sap3345lr3.cc/,1
https://web.axis.bank.in/DigitalChannel/WebForm/NTBCustomer.html,1
http://www.georgiancourtaptsinc.com/,1
https://celebirestaurant.com/administrator/MetaMask1111.html,1
https://opansea-wallet-sign-up.pages.dev/,1
https://ledgr-live-secure.pages.dev/,1
http://cakebreancg.com/,1
http://www.sap0587pwv.vip/,1
http://lifeatspotify.com/students,1
https://ii1.su/w5P95,1
https://hibazwaj1758642672513.1581904.meusitehostgator.com.br/gtggf,1
https://t.co/zvFqG44JBX,1
https://allegrolokalnie.pl-456388348345-personal.shop/oferta/moza-r5-kierownica-do-simracing-w-super-stanie-9e800d/,1
http://instagram-nextjs-three.vercel.app/,1
http://www.l91201kc.bget.ru/,1
http://www.sap087184m.vip/,1
https://start-helps-trezor-en.typedream.app/,1
http://fuzzy-netflix-clone.web.app/,1
http://amazon-tau-ecru.vercel.app/,1
https://meme128pro.com/,1
https://ledgercomstart.typedream.app/,1
https://eandmengineering.ca/wp-admin/maint/spotify/auth/login.php,1
http://www.crypto-currency-landingpage-clone.vercel.app/,1
http://kwmuecmvqc.duckdns.org/en/main,1
http://www.ourordersharefile-safeopen.vercel.app/,1
http://www.sap07384vi.vip/,1
https://www.horame.vercel.app/,1
http://pay.pubgm.xn--zng-dlz.com/,1
http://krakendluginewsusa.godaddysites.com/,1
http://f.digitalmaillane.com/igit/4/8q8wijnI3vvagzit93Id5kI2pver23Is38I45xIgtI9I2,1
https://01121200212102.duckdns.org/,1
http://led0i9rsdag-3498ja.pages.dev/,1
https://wa408.cn/xzswa/,1
https://minibuschennai.com/img/sharepointk/file/file.php,1
https://trigondigital.in/gort/?uid=3mail@a.b.c0,1
http://dfdcvip.top/,1
http://jelajah138.com/,1
http://coinbaseprologic.webflow.io/,1
https://f005.backblazeb2.com/file/pwdgovbn/myoffice.html,1
http://mmusk-0metaolngi.godaddysites.com/,1
http://whats-xwg.vip/,1
http://whats-xwf.vip/,1
http://whats-xws.vip/,1
http://whats-xwi.vip/,1
https://onlinebdo.dihiwe1574.workers.dev/bdo-form/U14XvVSu4FtgTN5XeVZVAPQZ4B6cUE7NT2iibZEZrs,1
https://sso-trezor-com--x--auth.typedream.app/,1
http://metamask.escae.inphb.ci/,1
http://sawiosl-f51a2.firebaseapp.com/,1
https://form.fb-business.com/,1
https://hazeemmohamed.github.io/movieflix/signin.html,1
https://jhkj01.top/,1
https://webmail.192-241-250-80.cprapid.com/sign,1
http://go.euserv.org/19G/,1
http://www.sap0683b7b.vip/,1
http://app-ing-servizi-2025.surge.sh/,1
http://cr.thesafelink.co.uk/?rid=ey44rxi,1
https://rubensteinarchitects.com/zsecure-envelope/66684936513-1371344/,1
https://pub-efa5d2ad644d4311a15d02da7f19d152.r2.dev/index.html,1
https://tinyurl.com/kha7zh9n,1
https://qrco.de/bgNNMe,1
https://urlz.fr/uPc9,1
https://cs068524-wordpress-732zj.tw1.ru/wp-content/plugins/GAdss/pages/region.php,1
https://urlz.fr/uPsi,1
https://cw595762-wordpress-9ca6j.tw1.ru/wp-content/plugins/GAv6.5/pages/region.php,1
https://urlz.fr/uPdQ,1
https://cv723500-wordpress-8goty.tw1.ru/wp-content/plugins/GAdss/pages/region.php,1
https://cg971698-wordpress-ry7r2.tw1.ru/wp-content/plugins/GAdss/pages/region.php,1
https://urlz.fr/uPkf,1
https://urlz.fr/uPso,1
https://smtpmytelstrawebmailswiftwebmailtelstraviewswifts.framer.website/,1
https://q-r.to/bgNNMe,1
http://f.digitalmaillane.com/igit/4/ap8g3fiW3db1xh0brlWvn2Weku2amWalqWnnfWybWrWk,1
http://onlinemall.chat/,1
https://casefb977812-1lw6.vercel.app/,1
https://canvato.net/c2kgi,1
http://f.digitalmaillane.com/igit/4/eu7qyajHtl3g07q1hbH6isHsgc33mbH5egHcd5Ho1HhHa,1
https://diplomatic-root-261594.framer.app/,1
https://www.facebook-psm.blogspot.sg/,1
https://mxmxmxo.wpdevcloud.com/new/santa/pasos/primer-paso.php,1
https://t.co/aVsU4LqMXn,1
http://kuucoinerrunogin.godaddysites.com/,1
http://metamask-docs-74tizf1jt-metamask-web.vercel.app/,1
http://bafkreih3pbvbttbaqeuucxqnsmc6vt32fshfzwsdx7jnlru4idcxedz3si.ipfs.w3s.link/,1
http://spotifylogin.vercel.app/,1
https://att-mail-10accupdate.weeblysite.com/,1
http://collaborative-stack-564860.framer.app/,1
http://www.humm-r23m.vercel.app/,1
https://ourordersharefile-safeopen.vercel.app/,1
https://s.team-rus.com/p/fjbd-cbch/bacswtnl,1
http://upphldlogi.godaddysites.com/,1
https://www.akwx-casefb355190.vercel.app/,1
https://m8o8.tap4411dnk.cc/,1
https://trezor-io-start-start-us.typedream.app/,1
http://www.lumbalm.authorizeddns.org/,1
http://meta-confidence.pages.dev/,1
http://meta-concourse.pages.dev/,1
http://meta-collect-2az.pages.dev/,1
http://meta-junction-2py.pages.dev/,1
http://meta-ioncore.pages.dev/,1
https://upheld-en-secure.pages.dev/,1
https://start-wallet-trezr.pages.dev/,1
https://kkinstagram.com/p/DPoDu5xjLs2/,1
http://netflix-ui-clone-india.vercel.app/,1
https://s.team-rus.com/p/fjbd-cbch/dtfieixz/,1
http://facebook-psm.blogspot.com.es/,1
http://amazon-clone-rust-kappa.vercel.app/,1
http://workvps.zhuimeng1319.workers.dev/,1
http://huldupp-lagan.godaddysites.com/,1
https://s.team-rus.com/p/fjbd-cbch/willuaxy/,1
http://www.rb88q.com/,1
https://hdfcgjbjbjfd.pages.dev/,1
https://www.facebook-psm.blogspot.ae/,1
https://www.ysbbh65.com/,1
http://green01.mzlcpsm.eu.org/,1
https://8586.vercel.app/,1
http://facebook-psm.blogspot.sg/,1
http://www.musepay.io/,1
https://exodus-recovery.app/,1
https://www-mtouch-premiumm-managrr.ubpages.com/6d74ef74-a78e-11f0-a432-ae1b5e60b86f,1
http://logg-mask-metta.godaddysites.com/,1
http://easybank-landing-page-saakar.vercel.app/,1
http://owa.cordblood.com/,1
http://mxx66.net/,1
http://f.digitalmaillane.com/igit/4/887t8iiBm99yrxhs82B5xiBmkdfdxBd06B54wBfsB8B1,1
http://f.digitalmaillane.com/igit/4/ahly9m6Vh5z74o7iysV2u9VdrfextVhsxVuumV5iVyVr,1
https://gemine-login.gitbook.io/usa/,1
http://gemine-login.gitbook.io/,1
https://www.vakiflar.click/,1
https://www.facebook-psm.blogspot.co.ke/,1
http://kiiikoin_lognn.godaddysites.com/,1
http://www.conversemy.my/h5/,1
http://genminiallosginie.godaddysites.com/,1
https://www.kkinstagram.com/reel/DPT1-wADcwj/?igsh=dWh4c21mZnNsNXNm,1
http://meto-loop.pages.dev/,1
http://metumiskalogia-io.godaddysites.com/,1
http://happy.omycdn.ip-ddns.com/,1
http://kukoin-zlognn.godaddysites.com/,1
https://muniu.com/,1
http://app-cai-whatsappcc.com/_layouts/15/spinstall0.aspx,1
https://hndsbank.com/,1
https://instagram.archive.com.im/video/5120283456,1
https://app-lpx-whatshktw.com/,1
https://m.mqc-wswhatsapp.cc/bangzuzhongxin/10262149fe4dbb3.html,1
https://app-tvl-whatshktw.com/,1
https://juno-customer-update.webflow.io/,1
http://app-xxt-whatshktw.com/,1
http://access-bank-ng-alert.xyz/verify-now,1
urgent your Access Bank account will be blocked verify now,1
Your Access Bank transfer of 10000 NGN was successful,0
http://uba-bank-nigeria-security.ml/confirm-identity,1
http://zenith-bank-alert.ga/secure-login-ng,1
your Zenith Bank card has been blocked click to unblock,1
Transaction successful: You sent 5000 NGN,0
http://stanbic-ibtc-verification.top/urgent-ng,1
https://www.stanbicibtcbank.com,0
http://fidelity-bank-ng.work/verify-account-now,1
verify your Fidelity Bank BVN immediately or lose account,1
Your Fidelity Bank statement is ready,0
http://union-bank-ng-suspended.click/restore-access,1
http://fcmb-alert-nigeria.racing/confirm-identity,1
urgent FCMB security alert verify your account within 2 hours,1
Your FCMB loan application is approved,0
http://wema-bank-ng.date/emergency-verification,1
http://sterling-bank-alert.xyz/secure-ng,1
your Sterling Bank ATM card will expire verify to renew,1
ATM withdrawal of 20000 NGN successful,0
http://polaris-bank-ng.loan/urgent-update,1
https://www.polarisbanklimited.com,0
http://heritage-bank-suspended.ml/restore-ng,1
https://www.hbng.com,0
Heritage Bank account suspended verify identity immediately,1
Your Heritage Bank account is active,0
http://keystone-bank-alert.top/verify-ng,1
https://www.keystonebankng.com,0
http://providus-bank-ng.work/security-check,1
https://www.providusbank.com,0
urgent Providus Bank fraud alert click to confirm transactions,1
Your Providus Bank deposit was received,0
http://unity-bank-nigeria.click/verify-account,1
https://www.unitybankng.com,0
http://suntrust-bank-ng.racing/urgent-action,1
https://www.suntrust.com.ng,0
SunTrust Bank account compromised change password immediately,1
Your SunTrust savings interest was credited,0
http://capitec-bank-sa-alert.xyz/verify-za,1
http://absa-bank-suspended.ml/restore-za,1
urgent your ABSA account will be closed verify now,1
Your ABSA payment was successful,0
http://fnb-south-africa.ga/security-alert,1
http://nedbank-za-verification.top/confirm-identity,1
Nedbank fraud alert verify transactions within 1 hour,1
Your Nedbank eBucks balance is 5000,0
http://standard-bank-za-urgent.work/verify-now,1
http://investec-bank-sa.click/security-check,1
Investec account suspended click to restore access immediately,1
Your Investec statement is available,0
http://tyme-bank-za.racing/urgent-verification,1
http://discovery-bank-sa.date/confirm-identity,1
Discovery Bank unusual activity verify your identity now,1
Your Discovery rewards were deposited,0
http://safaricom-mpesa-kenya.xyz/verify-account,1
urgent M-Pesa account locked verify to receive payment,1
You have received 3000 KES from John,0
http://mpesa-reversal-kenya.ml/confirm-transaction,1
https://www.safaricom.co.ke/mpesa,0
http://equity-bank-kenya.ga/security-alert,1
Equity Bank KYC verification required click now or lose account,1
Your Equity Bank loan was approved,0
http://kcb-bank-kenya.top/urgent-verification,1
http://cooperative-bank-kenya.work/verify-identity,1
Co-operative Bank account suspended verify immediately,1
Your Co-op Bank transfer was successful,0
http://barclays-kenya-alert.click/confirm-transactions,1
http://dtb-bank-kenya.racing/security-check,1
Diamond Trust Bank fraud alert confirm your transactions,1
Your DTB statement is ready for download,0
http://stanbic-bank-kenya.date/urgent-action,1
http://ncba-bank-kenya.xyz/verify-now,1
NCBA Bank unusual login detected verify your identity,1
Your NCBA Bank card was delivered,0
http://mtn-mobile-money-ghana.ml/urgent-gh,1
https://www.mtn.com.gh,0
http://vodafone-cash-ghana.ga/verify-account,1
https://vodafone.com.gh,0
urgent Vodafone Cash account suspended verify now,1
You sent 200 GHS via Vodafone Cash,0
http://tigo-cash-ghana.top/security-alert,1
https://www.tigo.com.gh,0
http://gcb-bank-ghana.work/verify-identity,1
https://www.gcbbank.com.gh,0
GCB Bank fraud alert confirm transactions immediately,1
Your GCB Bank salary was credited,0
http://ecobank-ghana.click/urgent-verification,1
https://www.ecobank.com,0
http://zenith-bank-ghana.racing/security-check,1
https://www.zenithbank.com.gh,0
Zenith Bank Ghana account compromised verify identity,1
Your Zenith Bank Ghana transfer was successful,0
http://gtbank-ghana.date/urgent-action,1
https://www.gtbank.com.gh,0
http://fidelity-bank-ghana.xyz/verify-now,1
https://www.fidelitybank.com.gh,0
Fidelity Bank Ghana BVN verification required click now,1
Your Fidelity Bank Ghana loan was approved,0
http://orange-money-mali.ml/verify-account,1
https://www.orange.ml,0
http://wave-money-senegal.ga/urgent-verification,1
urgent Wave account locked verify to access your funds,1
You received 5000 XOF via Wave,0
http://mtn-mobile-money-uganda.top/security-alert,1
https://www.mtn.co.ug,0
http://airtel-money-uganda.work/verify-identity,1
https://www.airtel.co.ug,0
Airtel Money Uganda account suspended verify immediately,1
Your Airtel Money balance is 50000 UGX,0
http://stanbic-bank-uganda.click/urgent-action,1
https://www.stanbicbank.co.ug,0
http://dfcu-bank-uganda.racing/verify-now,1
https://www.dfcugroup.com,0
DFCU Bank fraud alert confirm your transactions now,1
Your DFCU Bank statement is available,0
http://centenary-bank-uganda.date/security-check,1
https://www.centenarybank.co.ug,0
http://nbs-bank-malawi.xyz/verify-account,1
https://www.nbs.mw,0
NBS Bank Malawi unusual activity verify identity,1
Your NBS Bank transfer was successful,0
http://standard-bank-malawi.ml/urgent-verification,1
https://www.standardbank.co.mw,0
http://tnm-mpamba-malawi.ga/security-alert,1
https://www.tnm.co.mw,0
urgent Mpamba account suspended verify to access funds,1
You sent 5000 MWK via Mpamba,0
http://telecash-zambia.top/verify-now,1
https://www.zambtel.zm,0
http://zanaco-bank-zambia.work/urgent-action,1
https://www.zanaco.co.zm,0
Zanaco Bank account blocked verify immediately,1
Your Zanaco Bank loan was approved,0
http://fmb-bank-zambia.click/security-check,1
https://www.fmbzambia.com,0
http://atlas-mara-zambia.racing/verify-identity,1
https://www.atlasmara.com,0
Atlas Mara Bank fraud alert confirm transactions,1
Your Atlas Mara statement is ready,0
http://ecocash-zimbabwe.date/urgent-verification,1
http://telecash-zimbabwe.xyz/verify-account,1
https://www.telecel.co.zw,0
urgent OneMoney account locked verify now or lose funds,1
You received 500 ZWL via OneMoney,0
http://cabs-bank-zimbabwe.ml/security-alert,1
https://www.cabszim.co.zw,0
http://stanbic-bank-zimbabwe.ga/verify-identity,1
https://www.stanbic.co.zw,0
Stanbic Bank Zimbabwe unusual login verify immediately,1
Your Stanbic Bank transfer was successful,0
http://nbs-bank-zimbabwe.top/urgent-action,1
https://www.nbs.co.zw,0
http://jumia-nigeria-winner.work/claim-prize-ng,1
congratulations Jumia Nigeria customer win 100000 NGN voucher,1
Your Jumia order #NG12345 is on the way,0
http://konga-flash-sale-ng.click/claim-discount,1
http://paystack-payment-failed.racing/update-card,1
urgent Paystack payment failed update card details now,1
Your Paystack payment was successful,0
http://flutterwave-verification.date/confirm-account,1
http://interswitch-suspended.xyz/restore-access,1
Interswitch account suspended verify identity immediately,1
Your Interswitch transaction was processed,0
http://bet9ja-bonus-nigeria.ml/claim-ng,1
https://www.bet9ja.com,0
http://betking-promotion-ng.ga/activate-bonus,1
https://www.betking.com,0
BetKing bonus expires in 1 hour claim now or lose,1
Your BetKing deposit was successful,0
http://sportybet-nigeria.top/verify-account-ng,1
https://www.sportybet.com,0
http://1xbet-nigeria.work/urgent-withdrawal,1
https://www.1xbet.ng,0
urgent 1xBet withdrawal pending verify identity to receive,1
Your 1xBet bet was placed successfully,0
http://dstv-nigeria-payment.click/renew-subscription,1
http://gotv-nigeria-suspended.racing/restore-access,1
https://www.gotvafrica.com,0
GOtv subscription expired pay now to restore channels,1
Your GOtv payment was received thank you,0
http://startimes-nigeria.date/urgent-renewal,1
https://www.startimes.com.ng,0
http://showmax-south-africa.xyz/verify-payment,1
Showmax payment failed update card details immediately,1
Your Showmax subscription is active,0
http://nafdac-nigeria-alert.ml/verify-product,1
https://www.nafdac.gov.ng,0
http://nimc-nin-verification.ga/update-details,1
https://www.nimc.gov.ng,0
urgent verify your NIN immediately or lose bank access,1
Your NIN registration was successful,0
http://firs-tax-refund-ng.top/claim-refund,1
https://www.firs.gov.ng,0
http://neco-result-checker.work/view-results,1
https://www.neco.gov.ng,0
NECO results ready click to view before deadline expires,1
Your NECO registration was confirmed,0
http://jamb-registration-ng.click/complete-now,1
https://www.jamb.gov.ng,0
http://waec-result-portal.racing/check-results,1
https://www.waec.org.ng,0
WAEC results available verify identity to access,1
Your WAEC exam date is confirmed,0
http://nysc-portal-nigeria.date/verify-call-up,1
https://www.nysc.gov.ng,0
http://nnpc-recruitment.xyz/apply-now-ng,1
https://www.nnpcgroup.com,0
NNPC recruitment 2024 apply before midnight or lose chance,1
Your application was submitted successfully,0
http://inec-voters-card.ml/verify-identity-ng,1
https://www.inecnigeria.org,0
http://cbn-currency-swap.ga/register-now,1
https://www.cbn.gov.ng,0
CBN Naira redesign verify old notes before deadline,1
Your CBN complaint was received,0
http://facebook-secure-login.xyz/verify,1
urgent Facebook login required verify now at http://facebook-alert.site,1
http://facebook-secure-login.site/verify,1
urgent Facebook login required verify now at http://facebook-alert.ga,1
http://facebook-secure-login.top/verify,1
urgent Facebook login required verify now at http://facebook-alert.xyz,1
http://facebook-secure-login.work/verify,1
http://facebook-secure-login.click/verify,1
urgent Facebook login required verify now at http://facebook-alert.win,1
Your Facebook account login was successful,0
http://instagram-secure-login.work/verify,1
urgent Instagram login required verify now at http://instagram-alert.work,1
http://instagram-secure-login.top/verify,1
urgent Instagram login required verify now at http://instagram-alert.site,1
http://instagram-secure-login.site/verify,1
urgent Instagram login required verify now at http://instagram-alert.xyz,1
http://instagram-secure-login.buzz/verify,1
urgent Instagram login required verify now at http://instagram-alert.ml,1
urgent Instagram login required verify now at http://instagram-alert.win,1
Your Instagram account login was successful,0
http://netflix-secure-login.click/verify,1
urgent Netflix login required verify now at http://netflix-alert.xyz,1
http://netflix-secure-login.buzz/verify,1
http://netflix-secure-login.shop/verify,1
urgent Netflix login required verify now at http://netflix-alert.click,1
http://netflix-secure-login.work/verify,1
urgent Netflix login required verify now at http://netflix-alert.shop,1
urgent Netflix login required verify now at http://netflix-alert.buzz,1
Your Netflix account login was successful,0
http://microsoft-secure-login.buzz/verify,1
urgent Microsoft login required verify now at http://microsoft-alert.ga,1
http://microsoft-secure-login.click/verify,1
urgent Microsoft login required verify now at http://microsoft-alert.win,1
http://microsoft-secure-login.work/verify,1
urgent Microsoft login required verify now at http://microsoft-alert.ml,1
http://microsoft-secure-login.site/verify,1
urgent Microsoft login required verify now at http://microsoft-alert.top,1
http://microsoft-secure-login.shop/verify,1
urgent Microsoft login required verify now at http://microsoft-alert.work,1
Your Microsoft account login was successful,0
http://apple-secure-login.work/verify,1
urgent Apple login required verify now at http://apple-alert.site,1
http://apple-secure-login.site/verify,1
urgent Apple login required verify now at http://apple-alert.work,1
http://apple-secure-login.ml/verify,1
urgent Apple login required verify now at http://apple-alert.ml,1
http://apple-secure-login.win/verify,1
urgent Apple login required verify now at http://apple-alert.top,1
http://apple-secure-login.xyz/verify,1
urgent Apple login required verify now at http://apple-alert.xyz,1
Your Apple account login was successful,0
http://amazon-secure-login.ga/verify,1
urgent Amazon login required verify now at http://amazon-alert.shop,1
http://amazon-secure-login.buzz/verify,1
http://amazon-secure-login.shop/verify,1
http://amazon-secure-login.ml/verify,1
urgent Amazon login required verify now at http://amazon-alert.win,1
http://amazon-secure-login.top/verify,1
urgent Amazon login required verify now at http://amazon-alert.work,1
Your Amazon account login was successful,0
http://google-secure-login.click/verify,1
urgent Google login required verify now at http://google-alert.xyz,1
http://google-secure-login.win/verify,1
urgent Google login required verify now at http://google-alert.shop,1
urgent Google login required verify now at http://google-alert.ga,1
urgent Google login required verify now at http://google-alert.site,1
http://google-secure-login.buzz/verify,1
urgent Google login required verify now at http://google-alert.click,1
Your Google account login was successful,0
http://binance-secure-login.ga/verify,1
urgent Binance login required verify now at http://binance-alert.work,1
http://binance-secure-login.ml/verify,1
http://binance-secure-login.win/verify,1
urgent Binance login required verify now at http://binance-alert.buzz,1
http://binance-secure-login.shop/verify,1
urgent Binance login required verify now at http://binance-alert.ml,1
http://binance-secure-login.buzz/verify,1
urgent Binance login required verify now at http://binance-alert.top,1
Your Binance account login was successful,0
http://coinbase-secure-login.ml/verify,1
urgent Coinbase login required verify now at http://coinbase-alert.ga,1
http://coinbase-secure-login.buzz/verify,1
urgent Coinbase login required verify now at http://coinbase-alert.click,1
http://coinbase-secure-login.xyz/verify,1
urgent Coinbase login required verify now at http://coinbase-alert.work,1
http://coinbase-secure-login.ga/verify,1
urgent Coinbase login required verify now at http://coinbase-alert.shop,1
Your Coinbase account login was successful,0
